Instance,Cost,Nodes Expanded,Nodes Generated,Running Time (s),Is Optimal,Infeasibility
X-n1001-k43.vrp,Inf,203,1628,30.094820976257324,False (No Sol),False
X-n101-k25.vrp,Inf,46689,174620,30.01766276359558,False (No Sol),False
X-n106-k14.vrp,28572.866836006455,19736,107609,30.007325410842896,False (Time Limit),False
X-n110-k13.vrp,16861.710436614678,24857,129543,30.00845241546631,False (Time Limit),False
X-n115-k10.vrp,15864.26845086601,18504,96953,30.002123594284058,False (Time Limit),False
X-n120-k6.vrp,15181.774717851593,18593,96142,30.01223373413086,False (Time Limit),False
X-n125-k30.vrp,Inf,17728,95492,30.006940364837646,False (No Sol),False
X-n129-k18.vrp,37462.06241546269,17925,95960,30.01194167137146,False (Time Limit),False
X-n134-k13.vrp,15148.312665617479,19550,105509,30.00961947441101,False (Time Limit),False
X-n139-k10.vrp,16738.383368080264,18819,96695,30.00196385383606,False (Time Limit),False
X-n143-k7.vrp,21688.34757042045,16015,84442,29.99863290786743,False (Time Limit),False
X-n148-k46.vrp,Inf,20381,102515,30.000307083129883,False (No Sol),False
X-n153-k22.vrp,Inf,13855,74658,30.010396480560303,False (No Sol),False
X-n157-k13.vrp,18312.64934250465,14886,82074,30.010685443878174,False (Time Limit),False
X-n162-k11.vrp,16567.407544850445,12016,65275,30.014950037002563,False (Time Limit),False
X-n167-k10.vrp,24669.915069983785,11257,60002,30.035643577575684,False (Time Limit),False
X-n172-k51.vrp,Inf,13526,63273,30.010612726211548,False (No Sol),False
X-n176-k26.vrp,Inf,11572,59765,29.997005939483643,False (No Sol),False
X-n181-k23.vrp,27603.882633558715,11531,62497,30.018271684646606,False (Time Limit),False
X-n186-k15.vrp,28537.866662995468,8830,49117,30.01021718978882,False (Time Limit),False
X-n190-k8.vrp,19863.47084115016,10669,58102,30.006938934326172,False (Time Limit),False
X-n195-k51.vrp,Inf,12139,63307,30.008121013641357,False (No Sol),False
X-n200-k36.vrp,Inf,9951,58241,30.016640424728394,False (No Sol),False
X-n204-k19.vrp,23426.952659082028,7571,44945,30.007245779037476,False (Time Limit),False
X-n209-k16.vrp,35254.44405782838,7731,44677,30.021974325180054,False (Time Limit),False
X-n214-k11.vrp,14217.20632586656,9161,50147,30.011342525482178,False (Time Limit),False
X-n219-k73.vrp,119122.49404875792,8139,46021,30.02279019355774,False (Time Limit),False
X-n223-k34.vrp,53808.8848878289,8118,46125,30.018580675125122,False (Time Limit),False
X-n228-k23.vrp,37370.69386809375,7685,41494,30.014479637145996,False (Time Limit),False
X-n233-k16.vrp,Inf,8067,46465,30.00268793106079,False (No Sol),False
X-n237-k14.vrp,31538.29682205793,5368,30407,30.00741219520569,False (Time Limit),False
X-n242-k48.vrp,99494.29374555261,7857,45597,30.011722087860107,False (Time Limit),False
X-n247-k50.vrp,Inf,7169,40050,30.016260385513306,False (No Sol),False
X-n251-k28.vrp,42972.05355935007,5126,28779,30.010640859603882,False (Time Limit),False
X-n256-k16.vrp,Inf,5881,34901,30.002676010131836,False (No Sol),False
X-n261-k13.vrp,36296.182450211396,5125,28492,30.023070812225342,False (Time Limit),False
X-n266-k58.vrp,Inf,4625,34255,30.016783714294434,False (No Sol),False
X-n270-k35.vrp,Inf,3758,23341,30.019269704818726,False (No Sol),False
X-n275-k28.vrp,24117.37487711549,4789,27849,30.012443780899048,False (Time Limit),False
X-n280-k17.vrp,47234.38592162974,5334,31276,30.026805639266968,False (Time Limit),False
X-n284-k15.vrp,25203.3642526235,4508,25858,30.032550573349,False (Time Limit),False
X-n289-k60.vrp,Inf,4504,30002,30.01670002937317,False (No Sol),False
X-n294-k50.vrp,Inf,4560,27974,30.01320171356201,False (No Sol),False
X-n298-k31.vrp,45494.69539494051,5078,29446,30.012011289596558,False (Time Limit),False
X-n303-k21.vrp,29741.256321914254,4651,25973,30.025768280029297,False (Time Limit),False
X-n308-k13.vrp,33546.34949577914,4867,28978,30.024646520614624,False (Time Limit),False
X-n313-k71.vrp,Inf,3602,22124,30.00141191482544,False (No Sol),False
X-n317-k53.vrp,81068.82919085967,4817,28706,30.018916606903076,False (Time Limit),False
X-n322-k28.vrp,36172.92522538264,4480,27089,30.029332637786865,False (Time Limit),False
X-n327-k20.vrp,33195.17482101948,3126,19708,30.011569261550903,False (Time Limit),False
X-n331-k15.vrp,37313.29838338631,3140,18785,30.0157208442688,False (Time Limit),False
X-n336-k84.vrp,Inf,3393,20104,30.01897668838501,False (No Sol),False
X-n344-k43.vrp,Inf,3513,22709,30.019787788391113,False (No Sol),False
X-n351-k40.vrp,34811.07851051023,3833,21181,30.01401662826538,False (Time Limit),False
X-n359-k29.vrp,60959.721573489405,3267,19918,30.02368712425232,False (Time Limit),False
X-n367-k17.vrp,29679.837688779924,3145,18677,30.030080556869507,False (Time Limit),False
X-n376-k94.vrp,150526.98714484507,3144,19424,30.020263671875,False (Time Limit),False
X-n384-k52.vrp,Inf,1721,11934,30.013704299926758,False (No Sol),False
X-n393-k38.vrp,44281.574460161224,2877,17763,30.02526593208313,False (Time Limit),False
X-n401-k29.vrp,72674.65716099665,2974,17908,30.031763076782227,False (Time Limit),False
X-n411-k19.vrp,27924.79538462156,1987,11129,30.027464628219604,False (Time Limit),False
X-n420-k130.vrp,Inf,2539,15366,30.04785442352295,False (No Sol),False
X-n429-k61.vrp,Inf,1363,9909,30.02604341506958,False (No Sol),False
X-n439-k37.vrp,41529.70428741494,1924,12039,30.03792715072632,False (Time Limit),False
X-n449-k29.vrp,73534.21595990667,2569,14649,30.007339239120483,False (Time Limit),False
X-n459-k26.vrp,31704.174991412583,2065,12469,30.039813995361328,False (Time Limit),False
X-n469-k138.vrp,Inf,1185,8820,30.032928466796875,False (No Sol),False
X-n480-k70.vrp,Inf,1121,7595,30.03861355781555,False (No Sol),False
X-n491-k59.vrp,92166.7074298115,1812,10425,30.01435613632202,False (Time Limit),False
X-n502-k39.vrp,73026.07038068755,1696,10371,30.018696069717407,False (Time Limit),False
X-n513-k21.vrp,34159.578071696116,1682,10001,30.034287691116333,False (Time Limit),False
X-n524-k153.vrp,Inf,1700,9225,30.02501630783081,False (No Sol),False
X-n536-k96.vrp,Inf,1098,7451,30.06172823905945,False (No Sol),False
X-n548-k50.vrp,92661.5867887819,1712,10290,30.05042290687561,False (Time Limit),False
X-n561-k42.vrp,57910.018776042685,1200,7475,30.03840136528015,False (Time Limit),False
X-n573-k30.vrp,58137.39187258055,1119,6888,30.0356867313385,False (Time Limit),False
X-n586-k159.vrp,Inf,700,6475,30.060218811035156,False (No Sol),False
X-n599-k92.vrp,Inf,729,5652,30.047706604003906,False (No Sol),False
X-n613-k62.vrp,86445.54705800771,994,5884,30.024731874465942,False (Time Limit),False
X-n627-k43.vrp,Inf,708,4769,30.049133777618408,False (No Sol),False
X-n641-k35.vrp,73427.72506811874,910,5234,30.040879487991333,False (Time Limit),False
X-n655-k131.vrp,110633.96454694154,982,6164,30.064972162246704,False (Time Limit),False
X-n670-k130.vrp,Inf,846,4570,30.04281449317932,False (No Sol),False
X-n685-k75.vrp,96413.39445422082,872,5440,30.03460431098938,False (Time Limit),False
X-n701-k44.vrp,94848.2496044545,886,5514,30.065062522888184,False (Time Limit),False
X-n716-k35.vrp,57533.18639849184,787,4134,30.050913333892822,False (Time Limit),False
X-n733-k159.vrp,Inf,861,6514,30.021916389465332,False (No Sol),False
X-n749-k98.vrp,104124.57749026244,818,4114,30.038919687271118,False (Time Limit),False
X-n766-k71.vrp,145772.9519331342,816,4390,30.12588119506836,False (Time Limit),False
X-n783-k48.vrp,96026.87283043085,819,5152,30.096243619918823,False (Time Limit),False
X-n801-k40.vrp,80937.32119997378,873,5667,30.101436138153076,False (Time Limit),False
X-n819-k171.vrp,Inf,333,2478,30.09043288230896,False (No Sol),False
X-n837-k142.vrp,Inf,327,2185,30.06625986099243,False (No Sol),False
X-n856-k95.vrp,97004.82713323078,870,5316,30.107399702072144,False (Time Limit),False
X-n876-k59.vrp,Inf,368,2180,30.04708957672119,False (No Sol),False
X-n895-k37.vrp,Inf,323,2091,30.022350072860718,False (No Sol),False
X-n916-k207.vrp,Inf,300,2033,30.113516330718994,False (No Sol),False
X-n936-k151.vrp,Inf,318,2282,30.023394346237183,False (No Sol),False
X-n957-k87.vrp,Inf,347,3153,30.035194635391235,False (No Sol),False
X-n979-k58.vrp,Inf,276,1854,30.060425996780396,False (No Sol),False
