Instance,Best Known Cost,Cost,Gap to BKS,Nodes Expanded,Nodes Generated,Running Time (s),Is Optimal,Infeasibility
X-n1001-k43.vrp,72355,inf,N/A,65,557,10.110788106918335,False (No Sol),False
X-n101-k25.vrp,27591,inf,N/A,10302,40517,10.024057388305664,False (No Sol),False
X-n106-k14.vrp,26362,28572.866836006455,8.39%,6585,31962,10.005549907684326,False (Time Limit),False
X-n110-k13.vrp,14971,16861.710436614678,12.63%,7502,36932,10.012799501419067,False (Time Limit),False
X-n115-k10.vrp,12747,15864.26845086601,24.45%,7213,35364,10.007082223892212,False (Time Limit),False
X-n120-k6.vrp,13332,16262.829894592074,21.98%,7491,36683,10.005738019943237,False (Time Limit),False
X-n125-k30.vrp,55539,inf,N/A,6876,35857,10.027721643447876,False (No Sol),False
X-n129-k18.vrp,28940,37462.06241546269,29.45%,4411,22394,10.060354709625244,False (Time Limit),False
X-n134-k13.vrp,10916,15311.102261748962,40.26%,6005,32802,10.004004955291748,False (Time Limit),False
X-n139-k10.vrp,13590,16915.760248796138,24.47%,5283,27292,10.001269340515137,False (Time Limit),False
X-n143-k7.vrp,15700,21688.34757042045,38.14%,3640,18488,10.016189813613892,False (Time Limit),False
X-n148-k46.vrp,43448,inf,N/A,5706,30876,10.048357009887695,False (No Sol),False
X-n153-k22.vrp,21220,inf,N/A,4363,21929,10.007024049758911,False (No Sol),False
X-n157-k13.vrp,16876,18312.64934250465,8.51%,4970,26397,10.012004613876343,False (Time Limit),False
X-n162-k11.vrp,14138,17306.312421474384,22.41%,3757,20804,10.008411169052124,False (Time Limit),False
X-n167-k10.vrp,20557,24669.915069983785,20.01%,3320,17744,10.005208969116211,False (Time Limit),False
X-n172-k51.vrp,45607,inf,N/A,3625,18047,10.012911558151245,False (No Sol),False
X-n176-k26.vrp,47812,inf,N/A,3427,16873,10.006656646728516,False (No Sol),False
X-n181-k23.vrp,25569,27603.882633558715,7.96%,3002,16237,10.001463890075684,False (Time Limit),False
X-n186-k15.vrp,24145,28537.866662995468,18.19%,3112,16508,10.012586116790771,False (Time Limit),False
X-n190-k8.vrp,16980,19863.47084115016,16.98%,3248,17374,10.0042724609375,False (Time Limit),False
X-n195-k51.vrp,44225,inf,N/A,3736,18576,10.008686780929565,False (No Sol),False
X-n200-k36.vrp,58578,inf,N/A,2422,14272,10.012080669403076,False (No Sol),False
X-n204-k19.vrp,19565,23426.952659082028,19.74%,1628,9199,10.014276266098022,False (Time Limit),False
X-n209-k16.vrp,30656,35254.44405782838,15.0%,2448,14206,10.004305124282837,False (Time Limit),False
X-n214-k11.vrp,10856,14217.20632586656,30.96%,3240,16659,10.01767897605896,False (Time Limit),False
X-n219-k73.vrp,117595,119816.57174772512,1.89%,2574,14305,10.020517587661743,False (Time Limit),False
X-n223-k34.vrp,40437,55052.15666033993,36.14%,1972,11143,10.055347681045532,False (Time Limit),False
X-n228-k23.vrp,25742,37370.69386809375,45.17%,2118,11090,10.006649255752563,False (Time Limit),False
X-n233-k16.vrp,19230,inf,N/A,2589,15158,10.014119625091553,False (No Sol),False
X-n237-k14.vrp,27042,31538.29682205793,16.63%,1855,9768,10.017391920089722,False (Time Limit),False
X-n242-k48.vrp,82751,99494.29374555261,20.23%,2149,12043,10.018751382827759,False (Time Limit),False
X-n247-k50.vrp,37274,inf,N/A,1760,9530,10.061585426330566,False (No Sol),False
X-n251-k28.vrp,38684,43933.0775750748,13.57%,1060,5641,10.024146556854248,False (Time Limit),False
X-n256-k16.vrp,18839,inf,N/A,1343,8189,10.013432264328003,False (No Sol),False
X-n261-k13.vrp,26558,36296.182450211396,36.67%,1729,8873,10.014337301254272,False (Time Limit),False
X-n266-k58.vrp,75478,inf,N/A,1117,8927,10.017077684402466,False (No Sol),False
X-n270-k35.vrp,35291,inf,N/A,605,3455,10.01624083518982,False (No Sol),False
X-n275-k28.vrp,21245,24139.353189052774,13.62%,1274,7493,10.01720118522644,False (Time Limit),False
X-n280-k17.vrp,33503,47234.38592162974,40.99%,1503,8859,10.01060175895691,False (Time Limit),False
X-n284-k15.vrp,20226,25203.3642526235,24.61%,1115,6103,10.036354780197144,False (Time Limit),False
X-n289-k60.vrp,95151,inf,N/A,1232,8093,10.016139268875122,False (No Sol),False
X-n294-k50.vrp,47161,inf,N/A,1533,8879,10.027950763702393,False (No Sol),False
X-n298-k31.vrp,34231,45494.69539494051,32.9%,1357,7471,10.032653093338013,False (Time Limit),False
X-n303-k21.vrp,21736,30543.3334729261,40.52%,1159,6341,10.02635407447815,False (Time Limit),False
X-n308-k13.vrp,25859,33546.34949577914,29.73%,1214,7373,10.025676488876343,False (Time Limit),False
X-n313-k71.vrp,94043,inf,N/A,1001,5819,10.021904706954956,False (No Sol),False
X-n317-k53.vrp,78355,81302.26942018313,3.76%,1170,6604,10.027890682220459,False (Time Limit),False
X-n322-k28.vrp,29834,inf,N/A,970,5563,10.021515130996704,False (No Sol),False
X-n327-k20.vrp,27532,33195.17482101948,20.57%,1055,6465,10.014167785644531,False (Time Limit),False
X-n331-k15.vrp,31102,37777.23438082182,21.46%,1077,6093,10.031001806259155,False (Time Limit),False
X-n336-k84.vrp,139111,inf,N/A,981,5565,10.026537418365479,False (No Sol),False
X-n344-k43.vrp,42050,inf,N/A,750,5461,10.015446186065674,False (No Sol),False
X-n351-k40.vrp,25896,34811.07851051023,34.43%,1218,6118,10.008320093154907,False (Time Limit),False
X-n359-k29.vrp,51505,60959.721573489405,18.36%,1147,6578,10.032683849334717,False (Time Limit),False
X-n367-k17.vrp,22814,29679.837688779924,30.09%,1141,6245,10.029050350189209,False (Time Limit),False
X-n376-k94.vrp,147713,150975.03470939043,2.21%,1165,7113,10.020452499389648,False (Time Limit),False
X-n384-k52.vrp,65940,inf,N/A,523,3632,10.025542736053467,False (No Sol),False
X-n393-k38.vrp,38260,inf,N/A,732,4636,10.012981176376343,False (No Sol),False
X-n401-k29.vrp,66154,73419.87575827824,10.98%,729,4255,10.046582460403442,False (Time Limit),False
X-n411-k19.vrp,19712,27924.79538462156,41.66%,561,3026,10.033899545669556,False (Time Limit),False
X-n420-k130.vrp,107798,inf,N/A,610,3513,10.027604818344116,False (No Sol),False
X-n429-k61.vrp,65449,inf,N/A,424,2959,10.019864320755005,False (No Sol),False
X-n439-k37.vrp,36391,41567.21951336524,14.22%,581,3623,10.037374258041382,False (Time Limit),False
X-n449-k29.vrp,55233,inf,N/A,484,2502,10.02109694480896,False (No Sol),False
X-n459-k26.vrp,24139,31704.174991412583,31.34%,600,3625,10.048148393630981,False (Time Limit),False
X-n469-k138.vrp,221824,inf,N/A,338,2402,10.064090967178345,False (No Sol),False
X-n480-k70.vrp,89449,inf,N/A,280,1852,10.050295352935791,False (No Sol),False
X-n491-k59.vrp,66483,inf,N/A,290,1586,10.027910709381104,False (No Sol),False
X-n502-k39.vrp,69226,73026.07038068755,5.49%,532,2995,10.444655656814575,False (Time Limit),False
X-n513-k21.vrp,24201,34423.36364811262,42.24%,541,3112,10.061439275741577,False (Time Limit),False
X-n524-k153.vrp,154593,inf,N/A,250,1332,10.044380187988281,False (No Sol),False
X-n536-k96.vrp,94846,inf,N/A,333,2112,10.040956020355225,False (No Sol),False
X-n548-k50.vrp,86700,inf,N/A,333,2096,10.025264024734497,False (No Sol),False
X-n561-k42.vrp,42717,inf,N/A,244,1541,10.031743049621582,False (No Sol),False
X-n573-k30.vrp,50673,inf,N/A,193,1266,10.057847499847412,False (No Sol),False
X-n586-k159.vrp,190316,inf,N/A,177,1638,10.052324295043945,False (No Sol),False
X-n599-k92.vrp,108451,inf,N/A,131,1033,10.06518030166626,False (No Sol),False
X-n613-k62.vrp,59535,inf,N/A,212,1241,10.036884307861328,False (No Sol),False
X-n627-k43.vrp,62164,inf,N/A,229,1500,10.030330896377563,False (No Sol),False
X-n641-k35.vrp,63684,inf,N/A,176,951,10.035707235336304,False (No Sol),False
X-n655-k131.vrp,106780,inf,N/A,119,816,10.01789402961731,False (No Sol),False
X-n670-k130.vrp,146332,inf,N/A,93,589,10.034506797790527,False (No Sol),False
X-n685-k75.vrp,68205,inf,N/A,94,752,10.055745601654053,False (No Sol),False
X-n701-k44.vrp,81923,inf,N/A,158,1042,10.070112705230713,False (No Sol),False
X-n716-k35.vrp,43373,inf,N/A,107,557,10.045154809951782,False (No Sol),False
X-n733-k159.vrp,136187,inf,N/A,102,895,10.048555135726929,False (No Sol),False
X-n749-k98.vrp,77269,inf,N/A,120,602,10.04094672203064,False (No Sol),False
X-n766-k71.vrp,114417,inf,N/A,106,663,10.148776531219482,False (No Sol),False
X-n783-k48.vrp,72386,inf,N/A,78,417,10.710546493530273,False (No Sol),False
X-n801-k40.vrp,73311,inf,N/A,127,1056,10.016772031784058,False (No Sol),False
X-n819-k171.vrp,158121,inf,N/A,73,490,10.121699094772339,False (No Sol),False
X-n837-k142.vrp,193737,inf,N/A,57,393,10.178093910217285,False (No Sol),False
X-n856-k95.vrp,88965,inf,N/A,57,316,10.187656164169312,False (No Sol),False
X-n876-k59.vrp,99299,inf,N/A,48,320,10.090440034866333,False (No Sol),False
X-n895-k37.vrp,53860,inf,N/A,37,208,10.262666463851929,False (No Sol),False
X-n916-k207.vrp,329179,inf,N/A,34,223,10.178998231887817,False (No Sol),False
X-n936-k151.vrp,132715,inf,N/A,42,331,10.345007419586182,False (No Sol),False
X-n957-k87.vrp,85465,inf,N/A,61,635,10.499873876571655,False (No Sol),False
X-n979-k58.vrp,118976,inf,N/A,49,374,10.230429410934448,False (No Sol),False
