Node_Count,Gap_Percent
100,14.965986394557824
200,14.965986394557824
300,14.965986394557824
400,14.965986394557824
500,14.965986394557824
600,14.965986394557824
700,14.965986394557824
800,14.965986394557824
900,14.965986394557824
1000,14.965986394557824
1100,14.965986394557824
1200,14.965986394557824
1300,14.965986394557824
1400,14.965986394557824
1500,14.965986394557824
1600,14.965986394557824
1700,14.965986394557824
1800,14.965986394557824
1900,14.965986394557824
2000,14.965986394557824
2100,14.965986394557824
2200,14.965986394557824
2300,14.965986394557824
2400,14.965986394557824
2500,14.965986394557824
2600,14.965986394557824
2700,14.965986394557824
2800,14.965986394557824
2900,14.965986394557824
3000,14.965986394557824
3100,14.965986394557824
3200,14.965986394557824
3300,14.965986394557824
3400,14.965986394557824
3500,14.965986394557824
3600,14.965986394557824
3700,14.965986394557824
3800,14.965986394557824
3900,14.965986394557824
4000,14.965986394557824
4100,14.965986394557824
4200,14.965986394557824
4300,14.965986394557824
4400,14.965986394557824
4500,14.965986394557824
4600,14.965986394557824
4700,14.965986394557824
4800,14.965986394557824
4900,14.965986394557824
5000,14.965986394557824
5100,14.965986394557824
5200,14.965986394557824
5300,14.965986394557824
5400,14.965986394557824
5500,14.965986394557824
5600,14.965986394557824
5700,14.965986394557824
5800,14.965986394557824
5900,14.965986394557824
6000,14.965986394557824
6100,14.965986394557824
6200,14.965986394557824
6300,14.965986394557824
6400,14.965986394557824
6500,14.965986394557824
6600,14.965986394557824
6700,14.965986394557824
6800,14.965986394557824
6900,14.965986394557824
7000,14.965986394557824
7100,14.965986394557824
7200,14.965986394557824
7300,14.965986394557824
7400,14.965986394557824
7500,14.965986394557824
7600,14.965986394557824
7700,14.965986394557824
7800,14.965986394557824
7900,14.965986394557824
8000,14.965986394557824
8100,14.965986394557824
8200,14.965986394557824
8300,14.965986394557824
8400,14.965986394557824
8500,14.965986394557824
8600,14.965986394557824
8700,14.965986394557824
8800,14.965986394557824
8900,14.965986394557824
9000,14.965986394557824
9100,14.965986394557824
9200,14.965986394557824
9300,14.965986394557824
9400,14.965986394557824
9500,14.965986394557824
9600,14.965986394557824
9700,14.965986394557824
9800,14.965986394557824
9900,14.965986394557824
10000,14.965986394557824
10100,14.965986394557824
10200,14.965986394557824
10300,14.965986394557824
10400,14.965986394557824
10500,14.965986394557824
10600,14.965986394557824
10700,14.965986394557824
10800,14.965986394557824
10900,14.965986394557824
11000,14.965986394557824
11100,14.965986394557824
11200,14.965986394557824
11300,14.965986394557824
11400,14.965986394557824
11500,14.965986394557824
11600,14.965986394557824
11700,14.965986394557824
11800,14.965986394557824
11900,14.965986394557824
12000,14.965986394557824
12100,14.965986394557824
12200,14.965986394557824
12300,14.965986394557824
12400,14.965986394557824
12500,14.965986394557824
12600,14.965986394557824
12700,14.965986394557824
12800,14.965986394557824
12900,14.965986394557824
13000,14.965986394557824
13100,14.965986394557824
13200,14.965986394557824
13300,14.965986394557824
13400,14.965986394557824
13500,14.965986394557824
13600,14.965986394557824
13700,14.965986394557824
13800,14.965986394557824
13900,14.965986394557824
14000,14.965986394557824
14100,14.965986394557824
14200,14.965986394557824
14300,14.965986394557824
14400,14.965986394557824
14500,14.965986394557824
14600,14.965986394557824
14700,14.965986394557824
14800,14.965986394557824
14900,14.965986394557824
15000,14.965986394557824
15100,14.965986394557824
15200,14.965986394557824
15300,14.965986394557824
15400,14.965986394557824
15500,14.965986394557824
15600,14.965986394557824
15700,14.965986394557824
15800,14.965986394557824
15900,14.965986394557824
16000,14.965986394557824
16100,14.965986394557824
16200,14.965986394557824
16300,14.965986394557824
16400,14.965986394557824
16500,14.965986394557824
16600,14.965986394557824
16700,14.965986394557824
16800,14.965986394557824
16900,14.965986394557824
17000,14.965986394557824
17100,14.965986394557824
17200,14.965986394557824
17300,14.965986394557824
17400,14.965986394557824
17500,14.965986394557824
17600,14.965986394557824
17700,14.965986394557824
17800,14.965986394557824
17900,14.965986394557824
18000,14.965986394557824
18100,14.965986394557824
18200,14.965986394557824
18300,14.965986394557824
18400,14.965986394557824
18500,14.965986394557824
18600,14.965986394557824
18700,14.965986394557824
18800,14.965986394557824
18900,14.965986394557824
19000,14.965986394557824
19100,14.965986394557824
19200,14.965986394557824
19300,14.965986394557824
19400,14.965986394557824
19500,14.965986394557824
19600,14.965986394557824
19700,14.965986394557824
19800,14.965986394557824
19900,14.965986394557824
20000,14.965986394557824
20100,14.965986394557824
20200,14.965986394557824
20300,14.965986394557824
20400,14.965986394557824
20500,14.965986394557824
20600,14.965986394557824
20700,14.965986394557824
20800,14.965986394557824
20900,14.965986394557824
21000,14.965986394557824
21100,14.965986394557824
21200,14.965986394557824
21300,14.965986394557824
21400,14.965986394557824
21500,14.965986394557824
21600,14.965986394557824
21700,14.965986394557824
21800,14.965986394557824
21900,14.965986394557824
22000,14.965986394557824
22100,14.965986394557824
22200,14.965986394557824
22300,14.965986394557824
22400,14.965986394557824
22500,14.965986394557824
22600,14.965986394557824
22700,14.965986394557824
22800,14.965986394557824
22900,14.965986394557824
23000,14.965986394557824
23100,14.965986394557824
23200,14.965986394557824
23300,14.965986394557824
23400,14.965986394557824
23500,14.965986394557824
23600,14.965986394557824
23700,14.965986394557824
23800,14.965986394557824
23900,14.965986394557824
24000,14.965986394557824
24100,14.965986394557824
24200,14.965986394557824
24300,14.965986394557824
24400,14.965986394557824
24500,14.965986394557824
24600,14.965986394557824
24700,14.965986394557824
24800,14.965986394557824
24900,14.965986394557824
25000,14.965986394557824
25100,14.965986394557824
25200,14.965986394557824
25300,14.965986394557824
25400,14.965986394557824
25500,14.965986394557824
25600,14.965986394557824
25700,14.965986394557824
25800,14.965986394557824
25900,14.965986394557824
26000,14.965986394557824
26100,14.965986394557824
26200,14.965986394557824
26300,14.965986394557824
26400,14.965986394557824
26500,14.965986394557824
26600,14.965986394557824
26700,14.965986394557824
26800,14.965986394557824
26900,14.965986394557824
27000,14.965986394557824
27100,14.965986394557824
27200,14.965986394557824
27300,14.965986394557824
27400,14.965986394557824
27500,14.965986394557824
27600,14.965986394557824
27700,14.965986394557824
27800,14.965986394557824
27900,14.965986394557824
28000,14.965986394557824
28100,14.965986394557824
28200,14.965986394557824
28300,14.965986394557824
28400,14.965986394557824
28500,14.965986394557824
28600,14.965986394557824
28700,14.965986394557824
28800,14.965986394557824
28900,14.965986394557824
29000,14.965986394557824
29100,14.965986394557824
29200,14.965986394557824
29300,14.965986394557824
29400,14.965986394557824
29500,14.965986394557824
29600,14.965986394557824
29700,14.965986394557824
29800,14.965986394557824
29900,14.965986394557824
30000,14.965986394557824
30100,14.965986394557824
30200,14.965986394557824
30300,14.965986394557824
30400,14.965986394557824
30500,14.965986394557824
30600,14.965986394557824
30700,14.965986394557824
30800,14.965986394557824
30900,14.965986394557824
31000,14.965986394557824
31100,14.965986394557824
31200,14.965986394557824
31300,14.965986394557824
31400,14.965986394557824
31500,14.965986394557824
31600,14.965986394557824
31700,14.965986394557824
31800,14.965986394557824
31900,14.965986394557824
32000,14.965986394557824
32100,14.965986394557824
32200,14.965986394557824
32300,14.965986394557824
32400,14.965986394557824
32500,14.965986394557824
32600,14.965986394557824
32700,14.965986394557824
32800,14.965986394557824
32900,14.965986394557824
33000,14.965986394557824
33100,14.965986394557824
33200,14.965986394557824
33300,14.965986394557824
33400,14.965986394557824
33500,14.965986394557824
33600,14.965986394557824
33700,14.965986394557824
33800,14.965986394557824
33900,14.965986394557824
34000,14.965986394557824
34100,14.965986394557824
34200,14.965986394557824
34300,14.965986394557824
34400,14.965986394557824
34500,14.965986394557824
34600,14.965986394557824
34700,14.965986394557824
34800,14.965986394557824
34900,14.965986394557824
35000,14.965986394557824
35100,14.965986394557824
35200,14.965986394557824
35300,14.965986394557824
35400,14.965986394557824
35500,14.965986394557824
35600,14.965986394557824
35700,14.965986394557824
35800,14.965986394557824
35900,14.965986394557824
36000,14.965986394557824
36100,14.965986394557824
36200,14.965986394557824
36300,14.965986394557824
36400,14.965986394557824
36500,14.965986394557824
36600,14.965986394557824
36700,14.965986394557824
36800,14.965986394557824
36900,14.965986394557824
37000,14.965986394557824
37100,14.965986394557824
37200,14.965986394557824
37300,14.965986394557824
37400,14.965986394557824
37500,14.965986394557824
37600,14.965986394557824
37700,14.965986394557824
37800,14.965986394557824
37900,14.965986394557824
38000,14.965986394557824
38100,14.965986394557824
38200,14.965986394557824
38300,14.965986394557824
38400,14.965986394557824
38500,14.965986394557824
38600,14.965986394557824
38700,14.965986394557824
38800,14.965986394557824
38900,14.965986394557824
39000,14.965986394557824
39100,14.965986394557824
39200,14.965986394557824
39300,14.965986394557824
39400,14.965986394557824
39500,14.965986394557824
39600,14.965986394557824
39700,14.965986394557824
39800,14.965986394557824
39900,14.965986394557824
40000,14.965986394557824
40100,14.965986394557824
40200,14.965986394557824
40300,14.965986394557824
40400,14.965986394557824
40500,14.965986394557824
40600,14.965986394557824
40700,14.965986394557824
40800,14.965986394557824
40900,14.965986394557824
41000,14.965986394557824
41100,14.965986394557824
41200,14.965986394557824
41300,14.965986394557824
41400,14.965986394557824
41500,14.965986394557824
41600,14.965986394557824
41700,14.965986394557824
41800,14.965986394557824
41900,14.965986394557824
42000,14.965986394557824
42100,14.965986394557824
42200,14.965986394557824
42300,14.965986394557824
42400,14.965986394557824
42500,14.965986394557824
42600,14.965986394557824
42700,14.965986394557824
42800,14.965986394557824
42900,14.965986394557824
43000,14.965986394557824
43100,14.965986394557824
43200,14.965986394557824
43300,14.965986394557824
43400,14.965986394557824
43500,14.965986394557824
43600,14.965986394557824
43700,14.965986394557824
43800,14.965986394557824
43900,14.965986394557824
44000,14.965986394557824
44100,14.965986394557824
44200,14.965986394557824
44300,14.965986394557824
44400,14.965986394557824
44500,14.965986394557824
44600,14.965986394557824
44700,14.965986394557824
44800,14.965986394557824
44900,14.965986394557824
45000,14.965986394557824
45100,14.965986394557824
45200,14.965986394557824
45300,14.965986394557824
45400,14.965986394557824
45500,14.965986394557824
45600,14.965986394557824
45700,14.965986394557824
45800,14.965986394557824
45900,14.965986394557824
46000,14.965986394557824
46100,14.965986394557824
46200,14.965986394557824
46300,14.965986394557824
46400,14.965986394557824
46500,14.965986394557824
46600,14.965986394557824
46700,14.965986394557824
46800,14.965986394557824
46900,14.965986394557824
47000,14.965986394557824
47100,14.965986394557824
47200,14.965986394557824
47300,14.965986394557824
47400,14.965986394557824
47500,14.965986394557824
47600,14.965986394557824
47700,14.965986394557824
47800,14.965986394557824
47900,14.965986394557824
48000,14.965986394557824
48100,14.965986394557824
48200,14.965986394557824
48300,14.965986394557824
48400,14.965986394557824
48500,14.965986394557824
48600,14.965986394557824
48700,14.965986394557824
48800,14.965986394557824
48900,14.965986394557824
49000,14.965986394557824
49100,14.965986394557824
49200,14.965986394557824
49300,14.965986394557824
49400,14.965986394557824
49500,14.965986394557824
49600,14.965986394557824
49700,14.965986394557824
49800,14.965986394557824
49900,14.965986394557824
50000,14.965986394557824
50100,14.965986394557824
50200,14.965986394557824
50300,14.965986394557824
50400,14.965986394557824
50500,14.965986394557824
50600,14.965986394557824
50700,14.965986394557824
50800,14.965986394557824
50900,14.965986394557824
51000,14.965986394557824
51100,14.965986394557824
51200,14.965986394557824
51300,14.965986394557824
51400,14.965986394557824
51500,14.965986394557824
51600,14.965986394557824
51700,14.965986394557824
51800,14.965986394557824
51900,14.965986394557824
52000,14.965986394557824
52100,14.965986394557824
52200,14.965986394557824
52300,14.965986394557824
52400,14.965986394557824
52500,14.965986394557824
52600,14.965986394557824
52700,14.965986394557824
52800,14.965986394557824
52900,14.965986394557824
53000,14.965986394557824
53100,14.965986394557824
53200,14.965986394557824
53300,14.965986394557824
53400,14.965986394557824
53500,14.965986394557824
53600,14.965986394557824
53700,14.965986394557824
53800,14.965986394557824
53900,14.965986394557824
54000,14.965986394557824
54100,14.965986394557824
54200,14.965986394557824
54300,14.965986394557824
54400,14.965986394557824
54500,14.965986394557824
54600,14.965986394557824
54700,14.965986394557824
54800,14.965986394557824
54900,14.965986394557824
55000,14.965986394557824
55100,14.965986394557824
55200,14.965986394557824
55300,14.965986394557824
55400,14.965986394557824
55500,14.965986394557824
55600,14.965986394557824
55700,14.965986394557824
55800,14.965986394557824
55900,14.965986394557824
56000,14.965986394557824
56100,14.965986394557824
56200,14.965986394557824
56300,14.965986394557824
56400,14.965986394557824
56500,14.965986394557824
56600,14.965986394557824
56700,14.965986394557824
56800,14.965986394557824
56900,14.965986394557824
57000,14.965986394557824
57100,14.965986394557824
57200,14.965986394557824
57300,14.965986394557824
57400,14.965986394557824
57500,14.965986394557824
57600,14.965986394557824
57700,14.965986394557824
57800,14.965986394557824
57900,14.965986394557824
58000,14.965986394557824
58100,14.965986394557824
58200,14.965986394557824
58300,14.965986394557824
58400,14.965986394557824
58500,14.965986394557824
58600,14.965986394557824
58700,14.965986394557824
58800,14.965986394557824
58900,14.965986394557824
59000,14.965986394557824
59100,14.965986394557824
59200,14.965986394557824
59300,14.965986394557824
59400,14.965986394557824
59500,14.965986394557824
59600,14.965986394557824
59700,14.965986394557824
59800,14.965986394557824
59900,14.965986394557824
60000,14.965986394557824
60100,14.965986394557824
60200,14.965986394557824
60300,14.965986394557824
60400,14.965986394557824
60500,14.965986394557824
60600,14.965986394557824
60700,14.965986394557824
60800,14.965986394557824
60900,14.965986394557824
61000,14.965986394557824
61100,14.965986394557824
61200,14.965986394557824
61300,14.965986394557824
61400,14.965986394557824
61500,14.965986394557824
61600,14.965986394557824
61700,14.965986394557824
61800,14.965986394557824
61900,14.965986394557824
62000,14.965986394557824
62100,14.965986394557824
62200,14.965986394557824
62300,14.965986394557824
62400,14.965986394557824
62500,14.965986394557824
62600,14.965986394557824
62700,14.965986394557824
62800,14.965986394557824
62900,14.965986394557824
63000,14.965986394557824
63100,14.965986394557824
63200,14.965986394557824
63300,14.965986394557824
63400,14.965986394557824
63500,14.965986394557824
63600,14.965986394557824
63700,14.965986394557824
63800,14.965986394557824
63900,14.965986394557824
64000,14.965986394557824
64100,14.965986394557824
64200,14.965986394557824
64300,14.965986394557824
64400,14.965986394557824
64500,14.965986394557824
64600,14.965986394557824
64700,14.965986394557824
64800,14.965986394557824
64900,14.965986394557824
65000,14.965986394557824
65100,14.965986394557824
65200,14.965986394557824
65300,14.965986394557824
65400,14.965986394557824
65500,14.965986394557824
65600,14.965986394557824
65700,14.965986394557824
65800,14.965986394557824
65900,14.965986394557824
66000,14.965986394557824
66100,14.965986394557824
66200,14.965986394557824
66300,14.965986394557824
66400,14.965986394557824
66500,14.965986394557824
66600,14.965986394557824
66700,14.965986394557824
66800,14.965986394557824
66900,14.965986394557824
67000,14.965986394557824
67100,14.965986394557824
67200,14.965986394557824
67300,14.965986394557824
67400,14.965986394557824
67500,14.965986394557824
67600,14.965986394557824
67700,14.965986394557824
67800,14.965986394557824
67900,14.965986394557824
68000,14.965986394557824
68100,14.965986394557824
68200,14.965986394557824
68300,14.965986394557824
68400,14.965986394557824
68500,14.965986394557824
68600,14.965986394557824
68700,14.965986394557824
68800,14.965986394557824
68900,14.965986394557824
69000,14.965986394557824
69100,14.965986394557824
69200,14.965986394557824
69300,14.965986394557824
69400,14.965986394557824
69500,14.965986394557824
69600,14.965986394557824
69700,14.965986394557824
69800,14.965986394557824
69900,14.965986394557824
70000,14.965986394557824
70100,14.965986394557824
70200,14.965986394557824
70300,14.965986394557824
70400,14.965986394557824
70500,14.965986394557824
70600,14.965986394557824
70700,14.965986394557824
70800,14.965986394557824
70900,14.965986394557824
71000,14.965986394557824
71100,14.965986394557824
71200,14.965986394557824
71300,14.965986394557824
71400,14.965986394557824
71500,14.965986394557824
71600,14.965986394557824
71700,14.965986394557824
71800,14.965986394557824
71900,14.965986394557824
72000,14.965986394557824
72100,14.965986394557824
72200,14.965986394557824
72300,14.965986394557824
72400,14.965986394557824
72500,14.965986394557824
72600,14.965986394557824
72700,14.965986394557824
72800,14.965986394557824
72900,14.965986394557824
73000,14.965986394557824
73100,14.965986394557824
73200,14.965986394557824
73300,14.965986394557824
73400,14.965986394557824
73500,14.965986394557824
73600,14.965986394557824
73700,14.965986394557824
73800,14.965986394557824
73900,14.965986394557824
74000,14.965986394557824
74100,14.965986394557824
74200,14.965986394557824
74300,14.965986394557824
74400,14.965986394557824
74500,14.965986394557824
74600,14.965986394557824
74700,14.965986394557824
74800,14.965986394557824
74900,14.965986394557824
75000,14.965986394557824
75100,14.965986394557824
75200,14.965986394557824
75300,14.965986394557824
75400,14.965986394557824
75500,14.965986394557824
75600,14.965986394557824
75700,14.965986394557824
75800,14.965986394557824
75900,14.965986394557824
76000,14.965986394557824
76100,14.965986394557824
76200,14.965986394557824
76300,14.965986394557824
76400,14.965986394557824
76500,14.965986394557824
76600,14.965986394557824
76700,14.965986394557824
76800,14.965986394557824
76900,14.965986394557824
77000,14.965986394557824
77100,14.965986394557824
77200,14.965986394557824
77300,14.965986394557824
77400,14.965986394557824
77500,14.965986394557824
77600,14.965986394557824
77700,14.965986394557824
77800,14.965986394557824
77900,14.965986394557824
78000,14.965986394557824
78100,14.965986394557824
78200,14.965986394557824
78300,14.965986394557824
78400,14.965986394557824
78500,14.965986394557824
78600,14.965986394557824
78700,14.965986394557824
78800,14.965986394557824
78900,14.965986394557824
79000,14.965986394557824
79100,14.965986394557824
79200,14.965986394557824
79300,14.965986394557824
79400,14.965986394557824
79500,14.965986394557824
79600,14.965986394557824
79700,14.965986394557824
79800,14.965986394557824
79900,14.965986394557824
80000,14.965986394557824
80100,14.965986394557824
80200,14.965986394557824
80300,14.965986394557824
80400,14.965986394557824
80500,14.965986394557824
80600,14.965986394557824
80700,14.965986394557824
80800,14.965986394557824
80900,14.965986394557824
81000,14.965986394557824
81100,14.965986394557824
81200,14.965986394557824
81300,14.965986394557824
81400,14.965986394557824
81500,14.965986394557824
81600,14.965986394557824
81700,14.965986394557824
81800,14.965986394557824
81900,14.965986394557824
82000,14.965986394557824
82100,14.965986394557824
82200,14.965986394557824
82300,14.965986394557824
82400,14.965986394557824
82500,14.965986394557824
82600,14.965986394557824
82700,14.965986394557824
82800,14.965986394557824
82900,14.965986394557824
83000,14.965986394557824
83100,14.965986394557824
83200,14.965986394557824
83300,14.965986394557824
83400,14.965986394557824
83500,14.965986394557824
83600,14.965986394557824
83700,14.965986394557824
83800,14.965986394557824
83900,14.965986394557824
84000,14.965986394557824
84100,14.965986394557824
84200,14.965986394557824
84300,14.965986394557824
84400,14.965986394557824
84500,14.965986394557824
84600,14.965986394557824
84700,14.965986394557824
84800,14.965986394557824
84900,14.965986394557824
85000,14.965986394557824
85100,14.965986394557824
85200,14.965986394557824
85300,14.965986394557824
85400,14.965986394557824
85500,14.965986394557824
85600,14.965986394557824
85700,14.965986394557824
85800,14.965986394557824
85900,14.965986394557824
86000,14.965986394557824
86100,14.965986394557824
86200,14.965986394557824
86300,14.965986394557824
86400,14.965986394557824
86500,14.965986394557824
86600,14.965986394557824
86700,14.965986394557824
86800,14.965986394557824
86900,14.965986394557824
87000,14.965986394557824
87100,14.965986394557824
87200,14.965986394557824
87300,14.965986394557824
87400,14.965986394557824
87500,14.965986394557824
87600,14.965986394557824
87700,14.965986394557824
87800,14.965986394557824
87900,14.965986394557824
88000,14.965986394557824
88100,14.965986394557824
88200,14.965986394557824
88300,14.965986394557824
88400,14.965986394557824
88500,14.965986394557824
88600,14.965986394557824
88700,14.965986394557824
88800,14.965986394557824
88900,14.965986394557824
89000,14.965986394557824
89100,14.965986394557824
89200,14.965986394557824
89300,14.965986394557824
89400,14.965986394557824
89500,14.965986394557824
89600,14.965986394557824
89700,14.965986394557824
89800,14.965986394557824
89900,14.965986394557824
90000,14.965986394557824
90100,14.965986394557824
90200,14.965986394557824
90300,14.965986394557824
90400,14.965986394557824
90500,14.965986394557824
90600,14.965986394557824
90700,14.965986394557824
90800,14.965986394557824
90900,14.965986394557824
91000,14.965986394557824
91100,14.965986394557824
91200,14.965986394557824
91300,14.965986394557824
91400,14.965986394557824
91500,14.965986394557824
91600,14.965986394557824
91700,14.965986394557824
91800,14.965986394557824
91900,14.965986394557824
92000,14.965986394557824
92100,14.965986394557824
92200,14.965986394557824
92300,14.965986394557824
92400,14.965986394557824
92500,14.965986394557824
92600,14.965986394557824
92700,14.965986394557824
92800,14.965986394557824
92900,14.965986394557824
93000,14.965986394557824
93100,14.965986394557824
93200,14.965986394557824
93300,14.965986394557824
93400,14.965986394557824
93500,14.965986394557824
93600,14.965986394557824
93700,14.965986394557824
93800,14.965986394557824
93900,14.965986394557824
94000,14.965986394557824
94100,14.965986394557824
94200,14.965986394557824
94300,14.965986394557824
94400,14.965986394557824
94500,14.965986394557824
94600,14.965986394557824
94700,14.965986394557824
94800,14.965986394557824
94900,14.965986394557824
95000,14.965986394557824
95100,14.965986394557824
95200,14.965986394557824
95300,14.965986394557824
95400,14.965986394557824
95500,14.965986394557824
95600,14.965986394557824
95700,14.965986394557824
95800,14.965986394557824
95900,14.965986394557824
96000,14.965986394557824
96100,14.965986394557824
96200,14.965986394557824
96300,14.965986394557824
96400,14.965986394557824
96500,14.965986394557824
96600,14.965986394557824
96700,14.965986394557824
96800,14.965986394557824
96900,14.965986394557824
97000,14.965986394557824
97100,14.965986394557824
97200,14.965986394557824
97300,14.965986394557824
97400,14.965986394557824
97500,14.965986394557824
97600,14.965986394557824
97700,14.965986394557824
97800,14.965986394557824
97900,14.965986394557824
98000,14.965986394557824
98100,14.965986394557824
98200,14.965986394557824
98300,14.965986394557824
98400,14.965986394557824
98500,14.965986394557824
98600,14.965986394557824
98700,14.965986394557824
98800,14.965986394557824
98900,14.965986394557824
99000,14.965986394557824
99100,14.965986394557824
99200,14.965986394557824
99300,14.965986394557824
99400,14.965986394557824
99500,14.965986394557824
99600,14.965986394557824
99700,14.965986394557824
99800,14.965986394557824
99900,14.965986394557824
100000,14.965986394557824
