Node_Count,Average_Gap_Percent
100,69.72802295542519
200,36.324238399278805
300,32.947503878370334
400,32.63129523532454
500,31.201801350154607
600,27.396154955098368
700,27.396154955098368
800,27.277120911810634
900,27.010357553681807
1000,27.010357553681807
1100,26.371212800273142
1200,24.486302125789102
1300,24.486302125789102
1400,24.486302125789102
1500,23.303462072333083
1600,23.303462072333083
1700,14.816795101253481
1800,14.816795101253481
1900,14.816795101253481
2000,14.816795101253481
2100,14.38510626165863
2200,14.38510626165863
2300,14.38510626165863
2400,14.38510626165863
2500,14.38510626165863
2600,14.38510626165863
2700,14.38510626165863
2800,14.38510626165863
2900,14.38510626165863
3000,14.38510626165863
3100,14.38510626165863
3200,14.38510626165863
3300,14.32807192377831
3400,14.32807192377831
3500,14.32807192377831
3600,14.32807192377831
3700,14.32807192377831
3800,14.32807192377831
3900,14.32807192377831
4000,14.32807192377831
4100,14.32807192377831
4200,14.32807192377831
4300,13.947245031525748
4400,13.947245031525748
4500,13.947245031525748
4600,13.947245031525748
4700,13.947245031525748
4800,13.947245031525748
4900,13.947245031525748
5000,13.947245031525748
5100,13.947245031525748
5200,13.947245031525748
5300,13.947245031525748
5400,13.947245031525748
5500,13.947245031525748
5600,13.947245031525748
5700,13.947245031525748
5800,13.947245031525748
5900,13.805138334502185
6000,13.805138334502185
6100,13.805138334502185
6200,13.805138334502185
6300,13.805138334502185
6400,13.805138334502185
6500,13.805138334502185
6600,13.805138334502185
6700,13.805138334502185
6800,12.93140589574129
6900,12.93140589574129
7000,12.93140589574129
7100,12.93140589574129
7200,12.93140589574129
7300,12.93140589574129
7400,12.93140589574129
7500,12.93140589574129
7600,12.93140589574129
7700,12.93140589574129
7800,12.93140589574129
7900,12.93140589574129
8000,12.93140589574129
8100,12.93140589574129
8200,12.93140589574129
8300,12.93140589574129
8400,12.93140589574129
8500,12.93140589574129
8600,12.926274716404377
8700,12.926274716404377
8800,12.926274716404377
8900,12.926274716404377
9000,12.926274716404377
9100,12.926274716404377
9200,12.926274716404377
9300,12.926274716404377
9400,12.926274716404377
9500,12.926274716404377
9600,12.926274716404377
9700,12.926274716404377
9800,12.926274716404377
9900,12.926274716404377
10000,12.926274716404377
10100,12.926274716404377
10200,12.926274716404377
10300,12.926274716404377
10400,12.926274716404377
10500,12.926274716404377
10600,13.99051117098767
10700,13.99051117098767
10800,13.99051117098767
10900,13.99051117098767
11000,13.99051117098767
11100,13.99051117098767
11200,13.99051117098767
11300,13.99051117098767
11400,13.99051117098767
11500,13.99051117098767
11600,13.99051117098767
11700,13.99051117098767
11800,13.99051117098767
11900,13.99051117098767
12000,13.99051117098767
12100,13.99051117098767
12200,13.99051117098767
12300,13.99051117098767
12400,13.99051117098767
12500,13.99051117098767
12600,13.99051117098767
12700,13.99051117098767
12800,13.99051117098767
12900,13.99051117098767
13000,13.99051117098767
13100,13.99051117098767
13200,13.99051117098767
13300,13.99051117098767
13400,13.99051117098767
13500,13.99051117098767
13600,13.99051117098767
13700,13.99051117098767
13800,13.99051117098767
13900,13.99051117098767
14000,13.99051117098767
14100,13.99051117098767
14200,13.99051117098767
14300,13.99051117098767
14400,13.99051117098767
14500,13.99051117098767
14600,13.99051117098767
14700,13.99051117098767
14800,13.99051117098767
14900,13.99051117098767
15000,13.99051117098767
15100,13.99051117098767
15200,13.99051117098767
15300,13.99051117098767
15400,13.99051117098767
15500,13.99051117098767
15600,13.99051117098767
15700,13.99051117098767
15800,13.99051117098767
15900,13.99051117098767
16000,13.99051117098767
16100,13.99051117098767
16200,13.99051117098767
16300,13.99051117098767
16400,13.99051117098767
16500,13.99051117098767
16600,13.99051117098767
16700,13.99051117098767
16800,13.99051117098767
16900,13.99051117098767
17000,13.99051117098767
17100,12.919705426215279
17200,12.919705426215279
17300,12.919705426215279
17400,12.919705426215279
17500,12.919705426215279
17600,12.919705426215279
17700,12.919705426215279
17800,12.919705426215279
17900,12.919705426215279
18000,12.919705426215279
18100,12.919705426215279
18200,12.919705426215279
18300,12.919705426215279
18400,12.919705426215279
18500,12.919705426215279
18600,12.919705426215279
18700,12.919705426215279
18800,12.919705426215279
18900,12.919705426215279
19000,12.919705426215279
19100,12.919705426215279
19200,12.919705426215279
19300,12.919705426215279
19400,12.919705426215279
19500,12.919705426215279
19600,12.919705426215279
19700,12.919705426215279
19800,12.919705426215279
19900,12.919705426215279
20000,12.919705426215279
20100,12.919705426215279
20200,12.919705426215279
20300,12.919705426215279
20400,12.919705426215279
20500,12.919705426215279
20600,12.919705426215279
20700,12.919705426215279
20800,12.919705426215279
20900,12.919705426215279
21000,12.919705426215279
21100,12.919705426215279
21200,12.919705426215279
21300,12.919705426215279
21400,12.919705426215279
21500,12.919705426215279
21600,12.919705426215279
21700,12.919705426215279
21800,12.919705426215279
21900,12.919705426215279
22000,12.919705426215279
22100,12.919705426215279
22200,12.919705426215279
22300,12.919705426215279
22400,12.919705426215279
22500,12.919705426215279
22600,12.919705426215279
22700,12.919705426215279
22800,12.919705426215279
22900,12.919705426215279
23000,12.919705426215279
23100,12.919705426215279
23200,12.919705426215279
23300,12.919705426215279
23400,12.919705426215279
23500,12.919705426215279
23600,12.919705426215279
23700,12.919705426215279
23800,12.919705426215279
23900,12.919705426215279
24000,12.919705426215279
24100,12.919705426215279
24200,12.919705426215279
24300,12.919705426215279
24400,12.919705426215279
24500,12.919705426215279
24600,12.919705426215279
24700,12.919705426215279
24800,12.919705426215279
24900,12.919705426215279
25000,12.919705426215279
25100,12.919705426215279
25200,12.919705426215279
25300,12.919705426215279
25400,12.919705426215279
25500,12.919705426215279
25600,12.919705426215279
25700,12.919705426215279
25800,12.919705426215279
25900,12.919705426215279
26000,12.919705426215279
26100,12.919705426215279
26200,12.919705426215279
26300,12.919705426215279
26400,12.710129434755796
26500,12.710129434755796
26600,12.710129434755796
26700,12.710129434755796
26800,12.710129434755796
26900,12.710129434755796
27000,12.710129434755796
27100,12.710129434755796
27200,12.710129434755796
27300,12.710129434755796
27400,12.710129434755796
27500,12.710129434755796
27600,12.710129434755796
27700,12.710129434755796
27800,12.710129434755796
27900,12.710129434755796
28000,12.710129434755796
28100,12.710129434755796
28200,12.710129434755796
28300,12.710129434755796
28400,12.710129434755796
28500,12.710129434755796
28600,12.710129434755796
28700,12.710129434755796
28800,12.710129434755796
28900,12.710129434755796
29000,12.710129434755796
29100,12.710129434755796
29200,12.710129434755796
29300,12.710129434755796
29400,12.710129434755796
29500,12.710129434755796
29600,12.710129434755796
29700,12.710129434755796
29800,12.710129434755796
29900,12.710129434755796
30000,12.710129434755796
30100,12.710129434755796
30200,12.710129434755796
30300,12.710129434755796
30400,12.710129434755796
30500,12.710129434755796
30600,12.710129434755796
30700,12.710129434755796
30800,12.710129434755796
30900,12.710129434755796
31000,12.710129434755796
31100,12.710129434755796
31200,12.710129434755796
31300,12.710129434755796
31400,12.710129434755796
31500,12.710129434755796
31600,12.710129434755796
31700,12.710129434755796
31800,12.710129434755796
31900,12.710129434755796
32000,12.710129434755796
32100,12.710129434755796
32200,12.710129434755796
32300,12.710129434755796
32400,12.710129434755796
32500,12.710129434755796
32600,12.710129434755796
32700,12.710129434755796
32800,12.710129434755796
32900,12.710129434755796
33000,12.710129434755796
33100,12.710129434755796
33200,12.710129434755796
33300,12.710129434755796
33400,12.710129434755796
33500,12.710129434755796
33600,12.710129434755796
33700,12.710129434755796
33800,12.710129434755796
33900,12.710129434755796
34000,12.710129434755796
34100,12.710129434755796
34200,12.710129434755796
34300,12.710129434755796
34400,12.710129434755796
34500,12.710129434755796
34600,12.710129434755796
34700,12.710129434755796
34800,12.710129434755796
34900,12.710129434755796
35000,12.710129434755796
35100,12.710129434755796
35200,12.710129434755796
35300,12.710129434755796
35400,12.710129434755796
35500,12.710129434755796
35600,12.710129434755796
35700,12.710129434755796
35800,12.710129434755796
35900,12.710129434755796
36000,12.710129434755796
36100,12.710129434755796
36200,12.710129434755796
36300,12.710129434755796
36400,12.710129434755796
36500,12.710129434755796
36600,12.710129434755796
36700,12.710129434755796
36800,12.710129434755796
36900,12.710129434755796
37000,12.710129434755796
37100,12.710129434755796
37200,12.710129434755796
37300,12.710129434755796
37400,12.710129434755796
37500,12.710129434755796
37600,12.710129434755796
37700,12.710129434755796
37800,12.710129434755796
37900,12.710129434755796
38000,12.710129434755796
38100,12.710129434755796
38200,12.710129434755796
38300,12.710129434755796
38400,12.710129434755796
38500,12.710129434755796
38600,12.710129434755796
38700,12.710129434755796
38800,12.710129434755796
38900,12.710129434755796
39000,12.710129434755796
39100,12.710129434755796
39200,12.710129434755796
39300,12.710129434755796
39400,12.710129434755796
39500,12.710129434755796
39600,12.710129434755796
39700,12.710129434755796
39800,12.710129434755796
39900,12.710129434755796
40000,12.710129434755796
40100,12.710129434755796
40200,12.710129434755796
40300,12.710129434755796
40400,12.710129434755796
40500,12.710129434755796
40600,12.710129434755796
40700,12.710129434755796
40800,12.710129434755796
40900,12.710129434755796
41000,12.710129434755796
41100,12.710129434755796
41200,12.710129434755796
41300,12.710129434755796
41400,12.710129434755796
41500,12.710129434755796
41600,12.710129434755796
41700,12.710129434755796
41800,12.710129434755796
41900,12.710129434755796
42000,12.710129434755796
42100,12.710129434755796
42200,12.710129434755796
42300,12.710129434755796
42400,12.710129434755796
42500,12.710129434755796
42600,12.710129434755796
42700,12.710129434755796
42800,12.710129434755796
42900,12.710129434755796
43000,12.710129434755796
43100,12.710129434755796
43200,12.710129434755796
43300,12.710129434755796
43400,12.710129434755796
43500,12.710129434755796
43600,12.710129434755796
43700,12.710129434755796
43800,12.710129434755796
43900,12.710129434755796
44000,12.710129434755796
44100,12.710129434755796
44200,12.710129434755796
44300,12.710129434755796
44400,12.710129434755796
44500,12.710129434755796
44600,12.710129434755796
44700,12.710129434755796
44800,12.710129434755796
44900,12.710129434755796
45000,12.710129434755796
45100,12.710129434755796
45200,12.710129434755796
45300,12.710129434755796
45400,12.710129434755796
45500,12.710129434755796
45600,12.710129434755796
45700,12.710129434755796
45800,12.710129434755796
45900,12.710129434755796
46000,12.710129434755796
46100,12.710129434755796
46200,12.710129434755796
46300,12.710129434755796
46400,12.710129434755796
46500,12.710129434755796
46600,12.710129434755796
46700,12.710129434755796
46800,12.710129434755796
46900,12.710129434755796
47000,12.710129434755796
47100,12.710129434755796
47200,12.710129434755796
47300,12.710129434755796
47400,12.710129434755796
47500,12.710129434755796
47600,12.710129434755796
47700,12.710129434755796
47800,12.710129434755796
47900,12.710129434755796
48000,12.710129434755796
48100,12.710129434755796
48200,12.710129434755796
48300,12.710129434755796
48400,12.710129434755796
48500,12.710129434755796
48600,12.710129434755796
48700,12.710129434755796
48800,12.710129434755796
48900,12.710129434755796
49000,12.710129434755796
49100,12.710129434755796
49200,12.710129434755796
49300,12.710129434755796
49400,12.710129434755796
49500,12.710129434755796
49600,12.710129434755796
49700,12.710129434755796
49800,12.710129434755796
49900,12.710129434755796
50000,12.710129434755796
50100,12.710129434755796
50200,12.710129434755796
50300,12.710129434755796
50400,12.710129434755796
50500,12.710129434755796
50600,12.710129434755796
50700,12.710129434755796
50800,12.710129434755796
50900,12.710129434755796
51000,12.710129434755796
51100,12.710129434755796
51200,12.710129434755796
51300,12.710129434755796
51400,12.710129434755796
51500,12.710129434755796
51600,12.710129434755796
51700,12.710129434755796
51800,12.710129434755796
51900,12.710129434755796
52000,12.710129434755796
52100,12.710129434755796
52200,12.710129434755796
52300,12.710129434755796
52400,12.710129434755796
52500,12.710129434755796
52600,12.321232123144313
52700,12.321232123144313
52800,12.321232123144313
52900,12.321232123144313
53000,12.321232123144313
53100,12.321232123144313
53200,12.321232123144313
53300,12.321232123144313
53400,12.321232123144313
53500,12.321232123144313
53600,12.321232123144313
53700,12.321232123144313
53800,12.321232123144313
53900,12.321232123144313
54000,12.321232123144313
54100,12.321232123144313
54200,12.321232123144313
54300,12.321232123144313
54400,12.321232123144313
54500,12.321232123144313
54600,12.321232123144313
54700,12.321232123144313
54800,12.321232123144313
54900,12.321232123144313
55000,12.321232123144313
55100,12.321232123144313
55200,12.321232123144313
55300,12.321232123144313
55400,12.321232123144313
55500,12.321232123144313
55600,12.321232123144313
55700,12.321232123144313
55800,12.321232123144313
55900,12.321232123144313
56000,12.321232123144313
56100,12.321232123144313
56200,12.321232123144313
56300,12.321232123144313
56400,12.321232123144313
56500,12.321232123144313
56600,12.321232123144313
56700,12.321232123144313
56800,12.321232123144313
56900,12.321232123144313
57000,12.321232123144313
57100,12.321232123144313
57200,12.321232123144313
57300,12.321232123144313
57400,12.321232123144313
57500,12.321232123144313
57600,12.321232123144313
57700,12.321232123144313
57800,12.321232123144313
57900,12.321232123144313
58000,12.321232123144313
58100,12.321232123144313
58200,12.321232123144313
58300,12.321232123144313
58400,12.321232123144313
58500,12.321232123144313
58600,12.321232123144313
58700,12.321232123144313
58800,12.321232123144313
58900,12.321232123144313
59000,12.321232123144313
59100,12.321232123144313
59200,12.321232123144313
59300,12.321232123144313
59400,12.321232123144313
59500,12.321232123144313
59600,12.321232123144313
59700,12.321232123144313
59800,12.321232123144313
59900,12.321232123144313
60000,12.321232123144313
60100,12.321232123144313
60200,12.321232123144313
60300,12.321232123144313
60400,12.321232123144313
60500,12.321232123144313
60600,12.321232123144313
60700,12.321232123144313
60800,12.321232123144313
60900,12.321232123144313
61000,12.321232123144313
61100,12.321232123144313
61200,12.321232123144313
61300,12.321232123144313
61400,12.321232123144313
61500,12.321232123144313
61600,12.321232123144313
61700,12.321232123144313
61800,12.321232123144313
61900,12.321232123144313
62000,12.321232123144313
62100,12.321232123144313
62200,12.321232123144313
62300,12.321232123144313
62400,12.321232123144313
62500,12.321232123144313
62600,12.321232123144313
62700,12.321232123144313
62800,12.321232123144313
62900,12.321232123144313
63000,12.321232123144313
63100,12.321232123144313
63200,12.321232123144313
63300,12.321232123144313
63400,12.321232123144313
63500,12.321232123144313
63600,12.321232123144313
63700,12.321232123144313
63800,12.321232123144313
63900,12.321232123144313
64000,12.321232123144313
64100,12.321232123144313
64200,12.321232123144313
64300,12.321232123144313
64400,12.321232123144313
64500,12.321232123144313
64600,12.321232123144313
64700,12.321232123144313
64800,12.321232123144313
64900,12.321232123144313
65000,12.321232123144313
65100,12.321232123144313
65200,12.321232123144313
65300,12.321232123144313
65400,12.321232123144313
65500,12.321232123144313
65600,12.321232123144313
65700,12.321232123144313
65800,12.321232123144313
65900,12.321232123144313
66000,12.321232123144313
66100,12.321232123144313
66200,12.321232123144313
66300,12.321232123144313
66400,12.321232123144313
66500,12.321232123144313
66600,12.321232123144313
66700,12.321232123144313
66800,12.321232123144313
66900,12.321232123144313
67000,12.321232123144313
67100,12.321232123144313
67200,12.321232123144313
67300,12.321232123144313
67400,12.321232123144313
67500,12.321232123144313
67600,12.321232123144313
67700,12.321232123144313
67800,12.321232123144313
67900,12.321232123144313
68000,12.321232123144313
68100,12.321232123144313
68200,12.321232123144313
68300,12.321232123144313
68400,12.321232123144313
68500,12.321232123144313
68600,12.321232123144313
68700,12.321232123144313
68800,12.321232123144313
68900,12.321232123144313
69000,12.321232123144313
69100,12.321232123144313
69200,12.321232123144313
69300,12.321232123144313
69400,12.321232123144313
69500,12.321232123144313
69600,12.321232123144313
69700,12.321232123144313
69800,12.321232123144313
69900,12.321232123144313
70000,12.321232123144313
70100,12.321232123144313
70200,12.321232123144313
70300,12.321232123144313
70400,12.321232123144313
70500,12.321232123144313
70600,12.321232123144313
70700,12.321232123144313
70800,12.321232123144313
70900,12.321232123144313
71000,12.321232123144313
71100,12.321232123144313
71200,12.321232123144313
71300,12.321232123144313
71400,12.321232123144313
71500,12.321232123144313
71600,12.321232123144313
71700,12.321232123144313
71800,12.321232123144313
71900,12.321232123144313
72000,12.321232123144313
72100,12.321232123144313
72200,12.321232123144313
72300,12.321232123144313
72400,12.321232123144313
72500,12.321232123144313
72600,12.321232123144313
72700,12.321232123144313
72800,12.321232123144313
72900,12.321232123144313
73000,12.321232123144313
73100,12.321232123144313
73200,12.321232123144313
73300,12.321232123144313
73400,12.321232123144313
73500,12.321232123144313
73600,12.321232123144313
73700,12.321232123144313
73800,12.321232123144313
73900,11.790825726472473
74000,11.790825726472473
74100,11.790825726472473
74200,11.790825726472473
74300,11.790825726472473
74400,11.790825726472473
74500,11.790825726472473
74600,11.790825726472473
74700,11.790825726472473
74800,11.790825726472473
74900,11.790825726472473
75000,11.790825726472473
75100,11.790825726472473
75200,11.790825726472473
75300,11.790825726472473
75400,11.790825726472473
75500,11.790825726472473
75600,11.790825726472473
75700,11.790825726472473
75800,11.790825726472473
75900,11.790825726472473
76000,11.790825726472473
76100,11.790825726472473
76200,11.790825726472473
76300,11.790825726472473
76400,11.790825726472473
76500,11.790825726472473
76600,11.790825726472473
76700,11.790825726472473
76800,11.790825726472473
76900,11.790825726472473
77000,11.790825726472473
77100,11.790825726472473
77200,11.790825726472473
77300,11.790825726472473
77400,11.790825726472473
77500,11.790825726472473
77600,11.790825726472473
77700,11.790825726472473
77800,11.790825726472473
77900,11.790825726472473
78000,11.790825726472473
78100,11.790825726472473
78200,11.790825726472473
78300,11.790825726472473
78400,11.790825726472473
78500,11.790825726472473
78600,11.790825726472473
78700,11.790825726472473
78800,11.790825726472473
78900,11.790825726472473
79000,11.790825726472473
79100,11.790825726472473
79200,11.790825726472473
79300,11.790825726472473
79400,11.790825726472473
79500,11.790825726472473
79600,11.790825726472473
79700,11.790825726472473
79800,11.790825726472473
79900,11.790825726472473
80000,11.790825726472473
80100,11.790825726472473
80200,11.790825726472473
80300,11.790825726472473
80400,11.790825726472473
80500,11.790825726472473
80600,11.790825726472473
80700,11.790825726472473
80800,11.790825726472473
80900,11.790825726472473
81000,11.790825726472473
81100,11.790825726472473
81200,11.790825726472473
81300,11.790825726472473
81400,11.790825726472473
81500,11.790825726472473
81600,11.790825726472473
81700,11.790825726472473
81800,11.790825726472473
81900,11.790825726472473
82000,11.790825726472473
82100,11.790825726472473
82200,11.790825726472473
82300,11.790825726472473
82400,11.790825726472473
82500,11.790825726472473
82600,11.790825726472473
82700,11.790825726472473
82800,11.790825726472473
82900,11.790825726472473
83000,11.790825726472473
83100,11.790825726472473
83200,11.790825726472473
83300,11.790825726472473
83400,11.790825726472473
83500,11.790825726472473
83600,11.790825726472473
83700,11.790825726472473
83800,11.790825726472473
83900,11.790825726472473
84000,11.790825726472473
84100,11.790825726472473
84200,11.790825726472473
84300,11.790825726472473
84400,11.790825726472473
84500,11.790825726472473
84600,11.790825726472473
84700,11.790825726472473
84800,11.790825726472473
84900,11.790825726472473
85000,11.790825726472473
85100,11.790825726472473
85200,11.790825726472473
85300,11.790825726472473
85400,11.790825726472473
85500,11.790825726472473
85600,11.790825726472473
85700,11.790825726472473
85800,11.790825726472473
85900,11.790825726472473
86000,11.790825726472473
86100,11.790825726472473
86200,11.790825726472473
86300,11.790825726472473
86400,11.790825726472473
86500,11.790825726472473
86600,11.790825726472473
86700,11.790825726472473
86800,11.790825726472473
86900,11.790825726472473
87000,11.790825726472473
87100,11.790825726472473
87200,11.790825726472473
87300,11.790825726472473
87400,11.790825726472473
87500,11.790825726472473
87600,11.790825726472473
87700,11.790825726472473
87800,11.790825726472473
87900,11.790825726472473
88000,11.790825726472473
88100,11.790825726472473
88200,11.790825726472473
88300,11.790825726472473
88400,11.790825726472473
88500,11.790825726472473
88600,11.790825726472473
88700,11.790825726472473
88800,11.790825726472473
88900,11.790825726472473
89000,11.790825726472473
89100,11.790825726472473
89200,11.790825726472473
89300,11.790825726472473
89400,11.790825726472473
89500,11.790825726472473
89600,11.790825726472473
89700,11.790825726472473
89800,11.790825726472473
89900,11.790825726472473
90000,11.790825726472473
90100,11.790825726472473
90200,11.025738117057402
90300,11.025738117057402
90400,11.025738117057402
90500,11.025738117057402
90600,11.025738117057402
90700,11.025738117057402
90800,11.025738117057402
90900,11.025738117057402
91000,11.025738117057402
91100,11.025738117057402
91200,11.025738117057402
91300,11.025738117057402
91400,11.025738117057402
91500,11.025738117057402
91600,11.025738117057402
91700,11.025738117057402
91800,11.025738117057402
91900,11.025738117057402
92000,11.025738117057402
92100,11.025738117057402
92200,11.025738117057402
92300,11.025738117057402
92400,11.025738117057402
92500,11.025738117057402
92600,11.025738117057402
92700,11.025738117057402
92800,11.025738117057402
92900,11.025738117057402
93000,11.025738117057402
93100,11.025738117057402
93200,11.025738117057402
93300,11.025738117057402
93400,11.025738117057402
93500,11.025738117057402
93600,11.025738117057402
93700,11.025738117057402
93800,11.025738117057402
93900,11.025738117057402
94000,11.025738117057402
94100,11.025738117057402
94200,11.025738117057402
94300,11.025738117057402
94400,11.025738117057402
94500,11.025738117057402
94600,11.025738117057402
94700,11.025738117057402
94800,11.025738117057402
94900,11.025738117057402
95000,11.025738117057402
95100,11.025738117057402
95200,11.025738117057402
95300,11.025738117057402
95400,11.025738117057402
95500,11.025738117057402
95600,11.025738117057402
95700,11.025738117057402
95800,11.025738117057402
95900,11.025738117057402
96000,11.025738117057402
96100,11.025738117057402
96200,11.025738117057402
96300,11.025738117057402
96400,11.025738117057402
96500,11.025738117057402
96600,11.025738117057402
96700,11.025738117057402
96800,11.025738117057402
96900,11.025738117057402
97000,11.025738117057402
97100,11.025738117057402
97200,11.025738117057402
97300,11.025738117057402
97400,11.025738117057402
97500,11.025738117057402
97600,11.025738117057402
97700,11.025738117057402
97800,11.025738117057402
97900,11.025738117057402
98000,11.025738117057402
98100,11.025738117057402
98200,11.025738117057402
98300,11.025738117057402
98400,11.025738117057402
98500,11.025738117057402
98600,11.025738117057402
98700,11.025738117057402
98800,11.025738117057402
98900,11.025738117057402
99000,11.025738117057402
99100,11.025738117057402
99200,11.025738117057402
99300,11.025738117057402
99400,11.025738117057402
99500,11.025738117057402
99600,11.025738117057402
99700,11.025738117057402
99800,11.025738117057402
99900,11.025738117057402
100000,11.025738117057402
