Instance,Best Known Solution,My Cost,Gap to BKS,Nodes Expanded,Nodes Generated,Running Time (s),Is Optimal
abz5,1234.0,1401.0,13.53%,34973,71014,10.00846815109253,False (Time Limit)
abz6,943.0,1049.0,11.24%,36365,69651,10.011801958084106,False (Time Limit)
abz7,656.0,Skipped,N/A,0,0,0.0,False (Size Limit)
abz8,645.0,Skipped,N/A,0,0,0.0,False (Size Limit)
abz9,661.0,Skipped,N/A,0,0,0.0,False (Size Limit)
ft06,55.0,55.0,0.00%,80782,108939,10.0071542263031,False (Time Limit)
ft10,930.0,1165.0,25.27%,34695,71337,10.015886068344116,False (Time Limit)
ft20,1165.0,1503.0,29.01%,24706,41034,10.007146835327148,False (Time Limit)
la01,666.0,718.0,7.81%,69546,88471,10.006826400756836,False (Time Limit)
la02,655.0,744.0,13.59%,62636,87335,10.006947040557861,False (Time Limit)
la03,597.0,651.0,9.05%,65972,84192,10.007386207580566,False (Time Limit)
la04,590.0,646.0,9.49%,63462,91010,10.005874156951904,False (Time Limit)
la05,593.0,593.0,0.00%,41894,46307,5.793556213378906,True
la06,926.0,967.0,4.43%,40983,51694,10.008211851119995,False (Time Limit)
la07,890.0,978.0,9.89%,36540,49562,10.006498336791992,False (Time Limit)
la08,863.0,973.0,12.75%,39126,53485,10.00788950920105,False (Time Limit)
la09,951.0,968.0,1.79%,39712,45632,10.006436109542847,False (Time Limit)
la10,958.0,1002.0,4.59%,41322,51093,10.006989002227783,False (Time Limit)
la11,1222.0,1330.0,8.84%,27051,38347,10.005265712738037,False (Time Limit)
la12,1039.0,1091.0,5.00%,26730,38301,10.0086989402771,False (Time Limit)
la13,1150.0,1233.0,7.22%,27255,35378,10.005388021469116,False (Time Limit)
la14,1292.0,1354.0,4.80%,26143,33045,10.006351470947266,False (Time Limit)
la15,1207.0,1375.0,13.92%,24734,37277,10.006386995315552,False (Time Limit)
la16,945.0,1109.0,17.35%,35664,69744,10.011187076568604,False (Time Limit)
la17,784.0,925.0,17.98%,37214,62159,10.013006687164307,False (Time Limit)
la18,848.0,948.0,11.79%,36008,73417,10.017419815063477,False (Time Limit)
la19,842.0,1012.0,20.19%,37130,67955,10.007387638092041,False (Time Limit)
la20,902.0,1087.0,20.51%,36232,60198,10.010037660598755,False (Time Limit)
la21,1046.0,1347.0,28.78%,19711,41631,10.014506578445435,False (Time Limit)
la22,927.0,1326.0,43.04%,19241,34831,10.014464139938354,False (Time Limit)
la23,1032.0,1427.0,38.28%,17393,35968,10.013909816741943,False (Time Limit)
la24,935.0,1293.0,38.29%,20460,40670,10.021578550338745,False (Time Limit)
la25,977.0,1194.0,22.21%,20240,38982,10.016568422317505,False (Time Limit)
la26,1218.0,1624.0,33.33%,13174,26957,10.018497943878174,False (Time Limit)
la27,1235.0,1584.0,28.26%,13555,27178,10.02721381187439,False (Time Limit)
la28,1216.0,1564.0,28.62%,13124,28292,10.014212131500244,False (Time Limit)
la29,1152.0,1636.0,42.01%,13210,31090,10.021618366241455,False (Time Limit)
la30,1355.0,1859.0,37.20%,12351,24918,10.022090435028076,False (Time Limit)
la31,1784.0,Skipped,N/A,0,0,0.0,False (Size Limit)
la32,1850.0,Skipped,N/A,0,0,0.0,False (Size Limit)
la33,1719.0,Skipped,N/A,0,0,0.0,False (Size Limit)
la34,1721.0,Skipped,N/A,0,0,0.0,False (Size Limit)
la35,1888.0,Skipped,N/A,0,0,0.0,False (Size Limit)
la36,1268.0,1699.0,33.99%,14594,32541,10.037718296051025,False (Time Limit)
la37,1397.0,1855.0,32.78%,13840,31646,10.024781703948975,False (Time Limit)
la38,1196.0,1650.0,37.96%,14080,32651,10.035666227340698,False (Time Limit)
la39,1233.0,1734.0,40.63%,13524,31713,10.028162956237793,False (Time Limit)
la40,1222.0,1740.0,42.39%,13584,30058,10.031805515289307,False (Time Limit)
orb01,1059.0,1339.0,26.44%,35571,72802,10.01176381111145,False (Time Limit)
orb02,888.0,1093.0,23.09%,36272,69612,10.005451679229736,False (Time Limit)
orb03,1005.0,1291.0,28.46%,35481,68599,10.00606107711792,False (Time Limit)
orb04,1005.0,1224.0,21.79%,35262,72460,10.011751651763916,False (Time Limit)
orb05,887.0,1034.0,16.57%,34832,68934,10.013935804367065,False (Time Limit)
orb06,1010.0,1321.0,30.79%,35470,72888,10.00999402999878,False (Time Limit)
orb07,397.0,481.0,21.16%,35751,71949,10.013823986053467,False (Time Limit)
orb08,899.0,1223.0,36.04%,35057,69284,10.007014274597168,False (Time Limit)
orb09,934.0,1089.0,16.60%,34228,67106,10.010599374771118,False (Time Limit)
orb10,944.0,1109.0,17.48%,35623,76780,10.013729572296143,False (Time Limit)
swv01,1407.0,2058.0,46.27%,12012,25153,10.009843111038208,False (Time Limit)
swv02,1475.0,2094.0,41.97%,12234,24857,10.020217895507812,False (Time Limit)
swv03,1369.0,1902.0,38.93%,13444,26160,10.032565832138062,False (Time Limit)
swv04,1450.0,2111.0,45.59%,12440,26630,10.02167558670044,False (Time Limit)
swv05,1424.0,1966.0,38.06%,13508,27320,10.019850015640259,False (Time Limit)
swv06,1591.0,Skipped,N/A,0,0,0.0,False (Size Limit)
swv07,1446.0,Skipped,N/A,0,0,0.0,False (Size Limit)
swv08,1640.0,Skipped,N/A,0,0,0.0,False (Size Limit)
swv09,1604.0,Skipped,N/A,0,0,0.0,False (Size Limit)
swv10,1631.0,Skipped,N/A,0,0,0.0,False (Size Limit)
swv11,2983.0,Skipped,N/A,0,0,0.0,False (Size Limit)
swv12,2972.0,Skipped,N/A,0,0,0.0,False (Size Limit)
swv13,3104.0,Skipped,N/A,0,0,0.0,False (Size Limit)
swv14,2968.0,Skipped,N/A,0,0,0.0,False (Size Limit)
swv15,2885.0,Skipped,N/A,0,0,0.0,False (Size Limit)
swv16,2924.0,Skipped,N/A,0,0,0.0,False (Size Limit)
swv17,2794.0,Skipped,N/A,0,0,0.0,False (Size Limit)
swv18,2852.0,Skipped,N/A,0,0,0.0,False (Size Limit)
swv19,2843.0,Skipped,N/A,0,0,0.0,False (Size Limit)
swv20,2823.0,Skipped,N/A,0,0,0.0,False (Size Limit)
ta01,1231.0,1947.0,58.16%,14418,32353,10.027618408203125,False (Time Limit)
ta02,1244.0,1682.0,35.21%,14213,33171,10.034741878509521,False (Time Limit)
ta03,1218.0,1628.0,33.66%,14179,33084,10.027835130691528,False (Time Limit)
ta04,1175.0,1623.0,38.13%,14221,32977,10.028225183486938,False (Time Limit)
ta05,1224.0,1687.0,37.83%,14171,33332,10.019028663635254,False (Time Limit)
ta06,1238.0,1741.0,40.63%,13897,32540,10.030686140060425,False (Time Limit)
ta07,1227.0,1868.0,52.24%,14372,32234,10.030130624771118,False (Time Limit)
ta08,1217.0,1730.0,42.15%,14013,33615,10.027484893798828,False (Time Limit)
ta09,1274.0,1851.0,45.29%,14296,34331,10.035454273223877,False (Time Limit)
ta10,1241.0,1596.0,28.61%,14162,33257,10.02773404121399,False (Time Limit)
ta11,1323.0,Skipped,N/A,0,0,0.0,False (Size Limit)
ta12,1351.0,Skipped,N/A,0,0,0.0,False (Size Limit)
ta13,1282.0,Skipped,N/A,0,0,0.0,False (Size Limit)
ta14,1345.0,Skipped,N/A,0,0,0.0,False (Size Limit)
ta15,1304.0,Skipped,N/A,0,0,0.0,False (Size Limit)
ta16,1302.0,Skipped,N/A,0,0,0.0,False (Size Limit)
ta17,1462.0,Skipped,N/A,0,0,0.0,False (Size Limit)
ta18,1369.0,Skipped,N/A,0,0,0.0,False (Size Limit)
ta19,1297.0,Skipped,N/A,0,0,0.0,False (Size Limit)
ta20,1318.0,Skipped,N/A,0,0,0.0,False (Size Limit)
ta21,1539.0,Skipped,N/A,0,0,0.0,False (Size Limit)
ta22,1511.0,Skipped,N/A,0,0,0.0,False (Size Limit)
ta23,1472.0,Skipped,N/A,0,0,0.0,False (Size Limit)
ta24,1602.0,Skipped,N/A,0,0,0.0,False (Size Limit)
ta25,1504.0,Skipped,N/A,0,0,0.0,False (Size Limit)
ta26,1539.0,Skipped,N/A,0,0,0.0,False (Size Limit)
ta27,1616.0,Skipped,N/A,0,0,0.0,False (Size Limit)
ta28,1591.0,Skipped,N/A,0,0,0.0,False (Size Limit)
ta29,1514.0,Skipped,N/A,0,0,0.0,False (Size Limit)
ta30,1473.0,Skipped,N/A,0,0,0.0,False (Size Limit)
ta31,1764.0,Skipped,N/A,0,0,0.0,False (Size Limit)
ta32,1774.0,Skipped,N/A,0,0,0.0,False (Size Limit)
ta33,1778.0,Skipped,N/A,0,0,0.0,False (Size Limit)
ta34,1828.0,Skipped,N/A,0,0,0.0,False (Size Limit)
ta35,2007.0,Skipped,N/A,0,0,0.0,False (Size Limit)
ta36,1819.0,Skipped,N/A,0,0,0.0,False (Size Limit)
ta37,1771.0,Skipped,N/A,0,0,0.0,False (Size Limit)
ta38,1673.0,Skipped,N/A,0,0,0.0,False (Size Limit)
ta39,1795.0,Skipped,N/A,0,0,0.0,False (Size Limit)
ta40,1631.0,Skipped,N/A,0,0,0.0,False (Size Limit)
ta41,1859.0,Skipped,N/A,0,0,0.0,False (Size Limit)
ta42,1867.0,Skipped,N/A,0,0,0.0,False (Size Limit)
ta43,1809.0,Skipped,N/A,0,0,0.0,False (Size Limit)
ta44,1927.0,Skipped,N/A,0,0,0.0,False (Size Limit)
ta45,1997.0,Skipped,N/A,0,0,0.0,False (Size Limit)
ta46,1940.0,Skipped,N/A,0,0,0.0,False (Size Limit)
ta47,1789.0,Skipped,N/A,0,0,0.0,False (Size Limit)
ta48,1912.0,Skipped,N/A,0,0,0.0,False (Size Limit)
ta49,1915.0,Skipped,N/A,0,0,0.0,False (Size Limit)
ta50,1807.0,Skipped,N/A,0,0,0.0,False (Size Limit)
ta51,2760.0,Skipped,N/A,0,0,0.0,False (Size Limit)
ta52,2756.0,Skipped,N/A,0,0,0.0,False (Size Limit)
ta53,2717.0,Skipped,N/A,0,0,0.0,False (Size Limit)
ta54,2839.0,Skipped,N/A,0,0,0.0,False (Size Limit)
ta55,2679.0,Skipped,N/A,0,0,0.0,False (Size Limit)
ta56,2781.0,Skipped,N/A,0,0,0.0,False (Size Limit)
ta57,2943.0,Skipped,N/A,0,0,0.0,False (Size Limit)
ta58,2885.0,Skipped,N/A,0,0,0.0,False (Size Limit)
ta59,2655.0,Skipped,N/A,0,0,0.0,False (Size Limit)
ta60,2723.0,Skipped,N/A,0,0,0.0,False (Size Limit)
ta61,2868.0,Skipped,N/A,0,0,0.0,False (Size Limit)
ta62,2869.0,Skipped,N/A,0,0,0.0,False (Size Limit)
ta63,2755.0,Skipped,N/A,0,0,0.0,False (Size Limit)
ta64,2702.0,Skipped,N/A,0,0,0.0,False (Size Limit)
ta65,2725.0,Skipped,N/A,0,0,0.0,False (Size Limit)
ta66,2845.0,Skipped,N/A,0,0,0.0,False (Size Limit)
ta67,2825.0,Skipped,N/A,0,0,0.0,False (Size Limit)
ta68,2784.0,Skipped,N/A,0,0,0.0,False (Size Limit)
ta69,3071.0,Skipped,N/A,0,0,0.0,False (Size Limit)
ta70,2995.0,Skipped,N/A,0,0,0.0,False (Size Limit)
ta71,,Skipped,N/A,0,0,0.0,False (Size Limit)
ta72,,Skipped,N/A,0,0,0.0,False (Size Limit)
ta73,,Skipped,N/A,0,0,0.0,False (Size Limit)
ta74,,Skipped,N/A,0,0,0.0,False (Size Limit)
ta75,,Skipped,N/A,0,0,0.0,False (Size Limit)
ta76,,Skipped,N/A,0,0,0.0,False (Size Limit)
ta77,,Skipped,N/A,0,0,0.0,False (Size Limit)
ta78,,Skipped,N/A,0,0,0.0,False (Size Limit)
ta79,,Skipped,N/A,0,0,0.0,False (Size Limit)
ta80,,Skipped,N/A,0,0,0.0,False (Size Limit)
yn1,826.0,Skipped,N/A,0,0,0.0,False (Size Limit)
yn2,861.0,Skipped,N/A,0,0,0.0,False (Size Limit)
yn3,827.0,Skipped,N/A,0,0,0.0,False (Size Limit)
yn4,918.0,Skipped,N/A,0,0,0.0,False (Size Limit)
